first_name,last_name,gender,age,job,tea_or_coffee,rice_or_pasta,hot_dog_or_burger,cat_or_dog
Aubree,Tidder,Female,67,Systems Administrator IV,tea,pasta,hot dog,cat
Agosto,Croot,Male,20,Actuary,coffee,pasta,burger,cat
Rube,Shurman,Genderfluid,36,Paralegal,coffee,pasta,burger,dog
Brook,Sarra,Male,39,Engineer I,tea,pasta,hot dog,cat
Curr,Penni,Male,44,Office Assistant II,coffee,rice,hot dog,cat
Dene,Oades,Male,76,Product Engineer,tea,rice,hot dog,cat
Eric,Burnyate,Male,47,Design Engineer,coffee,pasta,hot dog,cat
Hedwiga,Pittaway,Female,70,Legal Assistant,coffee,rice,burger,dog
Virgie,Tilley,Male,77,Software Test Engineer II,coffee,rice,burger,dog
Goober,Fratczak,Male,38,Analyst Programmer,coffee,pasta,burger,dog
Vince,Callaby,Male,52,Information Systems Manager,tea,pasta,hot dog,cat
Gabriell,Bruty,Female,54,Electrical Engineer,coffee,pasta,burger,cat
Caresse,Lammers,Female,79,Senior Financial Analyst,coffee,rice,burger,cat
Genovera,Eadmead,Female,63,Director of Sales,coffee,rice,hot dog,cat
Munroe,Block,Male,79,Research Associate,coffee,rice,hot dog,dog
Fawn,Ottewell,Female,46,Database Administrator III,coffee,rice,burger,dog
Dalila,Marson,Non-binary,60,Nuclear Power Engineer,tea,pasta,burger,dog
Sydney,Antonsen,Male,34,Software Consultant,tea,pasta,burger,dog
Harlie,Tunnadine,Genderqueer,23,Human Resources Assistant I,coffee,rice,hot dog,dog
Mycah,Ramsby,Male,90,Senior Quality Engineer,tea,pasta,hot dog,dog
Jessee,Turpey,Male,37,Senior Sales Associate,coffee,rice,burger,cat
Franzen,Neasham,Male,32,Administrative Officer,tea,rice,hot dog,dog
Berthe,Maskew,Female,20,Software Engineer II,tea,rice,hot dog,dog
Coral,Luety,Female,32,Software Test Engineer II,tea,rice,burger,cat
Michal,Moon,Female,21,VP Quality Control,coffee,rice,hot dog,cat
Salome,Jinkin,Female,25,GIS Technical Architect,tea,rice,burger,dog
Hart,Nealy,Male,50,Tax Accountant,coffee,rice,hot dog,cat
Giff,Best,Male,81,Analog Circuit Design manager,coffee,rice,burger,cat
Bernelle,Harmar,Female,58,Cost Accountant,coffee,pasta,burger,dog
Finn,Coniff,Male,26,GIS Technical Architect,coffee,pasta,hot dog,dog
Zea,Insko,Female,89,VP Quality Control,tea,rice,hot dog,dog
Dav,Downton,Male,57,Clinical Specialist,tea,pasta,hot dog,dog
Arliene,Pipkin,Female,57,Occupational Therapist,coffee,pasta,burger,dog
Reese,Brasier,Male,29,Senior Sales Associate,coffee,rice,hot dog,cat
Ferris,Ramelet,Male,30,Compensation Analyst,coffee,rice,hot dog,cat
Aimil,Tinmouth,Female,52,VP Accounting,coffee,rice,hot dog,dog
Anthe,Kuhnert,Genderqueer,35,Structural Engineer,coffee,pasta,burger,dog
Guenna,Radbourn,Female,50,Desktop Support Technician,tea,rice,hot dog,dog
Mar,Ambrosini,Male,48,Social Worker,tea,rice,hot dog,dog
Lindsey,Swadling,Female,80,Programmer Analyst I,tea,pasta,hot dog,cat
Twyla,Doby,Polygender,88,VP Accounting,coffee,rice,hot dog,cat
Kellia,Norcock,Female,84,Quality Engineer,coffee,rice,hot dog,dog
Lambert,Ambrozewicz,Male,31,Community Outreach Specialist,coffee,rice,burger,dog
Christa,Frusher,Female,26,Desktop Support Technician,tea,rice,hot dog,cat
Rowland,Goves,Male,60,Financial Advisor,tea,rice,burger,dog
Clarie,Borless,Female,50,Account Representative IV,coffee,rice,hot dog,cat
Lilian,Barstock,Female,84,VP Quality Control,tea,rice,burger,cat
Earvin,Tickner,Male,34,Computer Systems Analyst III,tea,pasta,hot dog,dog
Ugo,Clardge,Male,32,Sales Representative,coffee,rice,burger,dog
Tamma,Bland,Female,84,Physical Therapy Assistant,coffee,pasta,burger,cat
Marcelle,Klimashevich,Female,22,VP Sales,tea,rice,hot dog,dog
Fifi,M'Barron,Genderfluid,74,Nuclear Power Engineer,tea,pasta,burger,cat
Melisent,Hinkins,Female,66,Physical Therapy Assistant,coffee,pasta,hot dog,dog
Ingeberg,Wallen,Female,72,Director of Sales,tea,rice,burger,dog
Cosette,McKinney,Female,24,Marketing Manager,coffee,pasta,burger,cat
Dani,Wickes,Male,43,Director of Sales,tea,pasta,hot dog,dog
Tristan,Ugolini,Male,78,Pharmacist,coffee,pasta,burger,cat
Worth,Burde,Male,43,Software Test Engineer III,tea,rice,hot dog,cat
Emmery,Whisker,Male,19,Research Associate,tea,rice,burger,cat
Jaquelin,Verman,Female,61,Web Developer IV,coffee,pasta,burger,dog
Dee,Stonary,Female,36,Editor,tea,pasta,burger,cat
Cally,MacTrusty,Female,69,Payment Adjustment Coordinator,coffee,rice,burger,dog
Karrie,Peever,Female,50,Civil Engineer,coffee,rice,hot dog,cat
Shaina,Linay,Female,73,Budget/Accounting Analyst IV,tea,pasta,burger,cat
Millicent,Shalloe,Female,57,Information Systems Manager,coffee,pasta,burger,cat
Kean,Petchey,Male,30,Structural Analysis Engineer,coffee,rice,burger,dog
Easter,Shacklady,Female,48,Research Assistant II,coffee,pasta,burger,cat
Adolpho,Longmate,Male,57,Staff Accountant III,coffee,rice,burger,dog
Rollie,Brook,Male,66,Statistician III,tea,pasta,burger,dog
Arte,Harbach,Male,75,Editor,coffee,rice,burger,cat
Leon,Longdon,Male,50,Librarian,tea,rice,hot dog,dog
Malynda,Hayland,Female,67,Research Assistant II,coffee,rice,hot dog,cat
Francyne,Lyles,Agender,47,Health Coach II,tea,pasta,burger,cat
Victor,Coltart,Male,38,Product Engineer,coffee,rice,burger,dog
Stefanie,Bortolutti,Female,90,Junior Executive,tea,rice,hot dog,dog
Wang,Weale,Male,82,Dental Hygienist,tea,pasta,hot dog,dog
Abel,Du Pre,Male,69,Librarian,tea,rice,hot dog,dog
Linell,Matiashvili,Female,60,Nuclear Power Engineer,tea,rice,hot dog,dog
Hillard,Budden,Genderfluid,25,Software Test Engineer II,coffee,rice,burger,dog
Lambert,Samms,Male,38,Librarian,coffee,rice,hot dog,dog
Vicky,Broggini,Female,72,Nurse,coffee,rice,burger,cat
Nata,Wennam,Female,77,Quality Engineer,tea,pasta,hot dog,dog
Bryn,Twinbourne,Male,61,Marketing Manager,coffee,pasta,hot dog,dog
Colleen,Baudin,Female,60,Technical Writer,tea,rice,hot dog,cat
Vladimir,Suttell,Male,82,Computer Systems Analyst I,coffee,rice,hot dog,dog
Ulrica,Stanlick,Female,54,Account Executive,tea,pasta,hot dog,dog
Latashia,Munton,Female,82,Administrative Officer,coffee,rice,hot dog,dog
Tiphani,Krzysztofiak,Female,57,Recruiter,coffee,pasta,hot dog,cat
Camel,Domoni,Female,87,Actuary,tea,pasta,burger,cat
Kirsten,MacPaike,Polygender,79,Health Coach IV,coffee,pasta,burger,cat
Chaddie,Walling,Male,54,Administrative Assistant I,coffee,rice,hot dog,dog
Barbi,Sherer,Female,90,Nurse,coffee,pasta,burger,cat
Viv,Borrell,Female,74,Desktop Support Technician,coffee,rice,hot dog,cat
Wildon,Woods,Male,73,Nurse,coffee,pasta,burger,dog
Marion,Mundow,Female,29,Geological Engineer,tea,pasta,burger,dog
Ina,Keitley,Female,57,Geological Engineer,coffee,rice,hot dog,cat
Livvy,Swadden,Female,24,Structural Analysis Engineer,tea,pasta,hot dog,cat
Sadie,Henbury,Polygender,86,Web Developer II,coffee,rice,burger,cat
Clemente,Death,Male,57,Administrative Assistant I,coffee,rice,burger,cat
Marlo,Petre,Female,38,Senior Financial Analyst,coffee,pasta,burger,cat
Jennine,Couthard,Female,38,Analog Circuit Design manager,tea,pasta,hot dog,dog
Elsbeth,Dairton,Female,32,Executive Secretary,tea,rice,burger,cat
Godart,Boase,Male,61,Occupational Therapist,tea,pasta,hot dog,cat
Trumann,Burbidge,Male,72,Human Resources Assistant II,tea,rice,burger,dog
Kingston,Dewer,Male,65,Librarian,coffee,rice,burger,dog
Hally,Wakeman,Female,87,Design Engineer,coffee,rice,hot dog,cat
Ives,Grimme,Male,26,GIS Technical Architect,coffee,pasta,hot dog,dog
Ami,Chrestien,Genderfluid,75,Legal Assistant,coffee,pasta,hot dog,cat
Johan,McCooke,Male,90,Internal Auditor,coffee,pasta,burger,cat
Alysia,Currum,Female,30,Nurse,tea,rice,hot dog,cat
Kristofer,Clubb,Genderqueer,26,Assistant Media Planner,coffee,rice,burger,dog
Donnajean,Baggot,Female,84,Developer III,tea,rice,hot dog,dog
Malissa,Stormonth,Agender,58,Community Outreach Specialist,tea,pasta,burger,cat
Wit,Barbara,Male,71,Senior Developer,tea,rice,burger,cat
Marco,Quenby,Male,48,Computer Systems Analyst III,tea,rice,hot dog,dog
Lilith,Knights,Female,31,Senior Cost Accountant,coffee,pasta,hot dog,cat
Celestina,Merring,Female,71,Senior Financial Analyst,coffee,pasta,hot dog,cat
Lib,Rankling,Female,33,Social Worker,coffee,rice,burger,cat
Reba,Pedgrift,Genderfluid,56,Geological Engineer,tea,pasta,burger,dog
Nedda,Spurett,Female,66,Assistant Manager,coffee,rice,hot dog,dog
Olag,Parslow,Male,65,Web Developer I,tea,pasta,hot dog,dog
Nefen,Clurow,Male,34,Legal Assistant,coffee,pasta,hot dog,dog
Adam,Ropking,Male,73,Recruiting Manager,coffee,rice,hot dog,dog
Bard,Senton,Agender,68,Web Developer II,coffee,pasta,burger,dog
Sancho,Dudmesh,Male,66,Human Resources Manager,tea,rice,burger,dog
Chrisy,Drioli,Polygender,31,Environmental Tech,tea,rice,burger,cat
Shurwood,Trymme,Male,52,Nurse Practicioner,tea,pasta,burger,cat
Gavan,De Filippi,Male,45,Analog Circuit Design manager,coffee,rice,burger,cat
Natalie,Monk,Female,24,Editor,coffee,rice,burger,dog
Ambrose,Roden,Male,52,Budget/Accounting Analyst III,tea,pasta,hot dog,cat
Claudius,Finlator,Male,34,Administrative Assistant IV,tea,rice,burger,dog
Haily,Brackenbury,Female,75,VP Marketing,coffee,pasta,burger,dog
Roberta,Rackam,Female,43,Human Resources Assistant IV,tea,rice,hot dog,dog
Roxanna,Bogie,Female,65,Editor,tea,pasta,burger,cat
Loni,Lakin,Female,57,Account Representative I,tea,pasta,burger,dog
Vivie,Meachen,Agender,76,Marketing Manager,coffee,rice,burger,cat
Emanuele,Paule,Male,75,Quality Engineer,coffee,pasta,burger,cat
Cassondra,Gianilli,Female,86,Senior Editor,tea,pasta,hot dog,cat
Marlin,Pirri,Male,56,Research Associate,tea,pasta,hot dog,dog
Mohandas,Kingescot,Male,55,Structural Engineer,tea,pasta,hot dog,cat
Horten,Lingley,Bigender,24,Software Consultant,coffee,rice,hot dog,cat
Felipa,Slavin,Female,74,Nurse Practicioner,coffee,pasta,hot dog,cat
Colman,Filipychev,Male,53,Librarian,tea,rice,burger,dog
Cynthie,Phonix,Female,58,Project Manager,coffee,pasta,hot dog,cat
Shayna,Lambourne,Female,68,Developer I,tea,rice,hot dog,dog
Alexandra,Parley,Female,23,Dental Hygienist,coffee,pasta,burger,cat
Gabrielle,Bertie,Female,32,Account Coordinator,tea,rice,hot dog,cat
Sterne,Hollingsby,Male,65,Senior Developer,tea,pasta,hot dog,dog
Haroun,Blewis,Male,24,Food Chemist,coffee,pasta,burger,cat
Dene,Absolem,Male,56,Food Chemist,tea,pasta,hot dog,cat
Amalia,Irving,Female,44,Internal Auditor,coffee,rice,burger,cat
Bev,Toleman,Male,26,Pharmacist,tea,pasta,hot dog,dog
Claiborne,Algeo,Male,43,VP Marketing,coffee,pasta,hot dog,cat
Agnella,Shank,Female,35,Geological Engineer,coffee,rice,burger,dog
Avril,Clausen,Agender,31,Compensation Analyst,tea,rice,hot dog,dog
Vaughn,Digg,Male,45,Help Desk Operator,tea,rice,hot dog,dog
Desmund,Boog,Non-binary,38,Administrative Officer,coffee,rice,burger,cat
Andrew,Longlands,Male,85,GIS Technical Architect,coffee,pasta,burger,dog
Noble,Downey,Polygender,31,Civil Engineer,coffee,pasta,burger,cat
Consolata,Orans,Female,45,Software Consultant,coffee,pasta,burger,dog
Barney,Trippack,Agender,75,VP Product Management,tea,rice,hot dog,dog
Ewen,Cranch,Male,26,Web Developer III,tea,rice,hot dog,cat
Vinny,Wileman,Male,39,Product Engineer,coffee,pasta,hot dog,cat
Wernher,Rediers,Male,21,Administrative Assistant I,coffee,rice,burger,cat
Nobie,Lethley,Male,68,Cost Accountant,tea,pasta,hot dog,cat
Renae,Pentony,Female,68,Office Assistant II,tea,rice,hot dog,cat
Padgett,Lies,Male,59,Information Systems Manager,coffee,pasta,hot dog,dog
Kora,Aries,Female,67,Staff Accountant II,tea,rice,burger,cat
Meriel,Adlam,Non-binary,32,Senior Sales Associate,coffee,pasta,hot dog,dog
Bartholomeus,Willimott,Male,56,Programmer Analyst I,coffee,pasta,burger,dog
Reilly,Duval,Male,44,Human Resources Assistant IV,tea,pasta,burger,dog
Jereme,Tiley,Male,43,Mechanical Systems Engineer,tea,pasta,hot dog,dog
Dyna,Carlyon,Polygender,20,Business Systems Development Analyst,coffee,rice,burger,cat
Antoine,Bocke,Male,46,Food Chemist,coffee,pasta,burger,cat
Rafferty,Arnaudon,Male,34,Sales Representative,tea,rice,burger,cat
Tabbie,Riccioppo,Female,18,VP Sales,tea,pasta,hot dog,dog
Amble,Tippler,Genderfluid,83,Automation Specialist IV,tea,pasta,hot dog,dog
Trevor,McGlew,Non-binary,34,Business Systems Development Analyst,tea,rice,burger,cat
Tamma,Doche,Female,21,VP Sales,tea,pasta,burger,dog
Dixie,Flood,Female,28,Civil Engineer,tea,rice,hot dog,dog
Westbrooke,Kretschmer,Male,27,Recruiting Manager,tea,pasta,hot dog,dog
Casey,Duffell,Male,70,Computer Systems Analyst II,tea,rice,burger,dog
Lawrence,Pesselt,Male,20,Marketing Manager,tea,pasta,burger,dog
Ami,Gristock,Female,36,Human Resources Assistant IV,coffee,rice,hot dog,cat
Julian,Vondruska,Male,48,Senior Financial Analyst,coffee,pasta,hot dog,dog
Breena,Bengle,Female,26,Staff Accountant I,tea,rice,burger,dog
Tamar,Eskrigg,Female,30,Marketing Assistant,tea,pasta,hot dog,dog
Helen-elizabeth,Chilley,Female,45,Software Consultant,coffee,rice,burger,dog
Jonie,Pott,Female,82,Junior Executive,coffee,pasta,burger,dog
Ely,Gaiter,Genderfluid,50,Graphic Designer,tea,pasta,burger,dog
Pauline,Jakubski,Female,63,Financial Analyst,tea,pasta,hot dog,dog
Preston,Keward,Male,64,Environmental Specialist,tea,pasta,burger,dog
Norris,Burgett,Male,89,Librarian,tea,rice,hot dog,dog
Quillan,Cranidge,Genderfluid,66,Assistant Professor,coffee,rice,hot dog,cat
Lin,Albers,Genderfluid,63,Structural Analysis Engineer,coffee,rice,hot dog,cat
Dorian,Redpath,Female,65,Safety Technician II,tea,pasta,burger,dog
Ralf,Angerstein,Male,84,Analog Circuit Design manager,tea,pasta,burger,cat
Mattias,Brodhead,Male,74,Analog Circuit Design manager,tea,pasta,burger,dog
Patty,Iori,Male,59,Information Systems Manager,coffee,rice,burger,cat
Yves,de Villier,Genderqueer,76,Help Desk Operator,coffee,pasta,hot dog,cat
Jereme,Widdison,Male,20,Graphic Designer,tea,pasta,burger,dog
Stu,Dungay,Male,39,Nurse Practicioner,coffee,rice,burger,dog
Gavrielle,Palfrey,Female,51,Actuary,coffee,rice,burger,dog
Verine,Abade,Female,34,Help Desk Operator,tea,pasta,hot dog,cat
Licha,Blowing,Female,67,VP Quality Control,coffee,rice,burger,cat
Bondon,Fourman,Male,37,Web Designer III,tea,rice,hot dog,dog
Eddie,Astbury,Male,80,Research Associate,tea,rice,burger,dog
Abagail,Meriguet,Bigender,44,Graphic Designer,coffee,rice,burger,cat
Gil,Franchi,Male,21,VP Quality Control,coffee,pasta,hot dog,dog
Parke,Yurikov,Male,23,Safety Technician IV,coffee,pasta,burger,cat
Devy,Gittings,Male,83,Human Resources Assistant I,coffee,pasta,hot dog,dog
Morganica,Devonside,Female,35,Account Representative I,coffee,rice,hot dog,dog
Jefferson,Beresford,Male,35,Human Resources Assistant I,tea,rice,hot dog,cat
Valentijn,Maude,Male,61,Media Manager IV,tea,rice,hot dog,cat
Robbie,Brennon,Female,78,Programmer III,coffee,pasta,hot dog,cat
Mag,Haldene,Female,53,Accountant II,tea,pasta,hot dog,dog
Hilary,Tawn,Female,25,Financial Advisor,coffee,pasta,burger,cat
Olav,Sealey,Male,32,VP Marketing,coffee,pasta,hot dog,dog
Marcelo,Chappell,Male,28,Dental Hygienist,coffee,pasta,hot dog,dog
Baillie,Middlewick,Male,56,Financial Analyst,coffee,rice,hot dog,cat
Base,Bracci,Male,47,VP Quality Control,tea,rice,burger,cat
Celina,Sessions,Female,90,Budget/Accounting Analyst II,tea,rice,burger,dog
Frieda,Mungane,Female,36,Web Designer IV,tea,rice,hot dog,cat
Tyler,McCaighey,Male,23,Internal Auditor,coffee,rice,hot dog,cat
Jermayne,Dougal,Male,67,Account Executive,coffee,pasta,burger,dog
Louisette,Meade,Female,80,Payment Adjustment Coordinator,coffee,pasta,hot dog,cat
Emanuele,Rangall,Male,43,Chief Design Engineer,coffee,rice,hot dog,dog
Dareen,Hassin,Female,54,Engineer II,tea,rice,hot dog,dog
Avigdor,Willes,Bigender,47,VP Product Management,tea,rice,hot dog,dog
Raul,Boorn,Male,75,Programmer Analyst IV,coffee,rice,burger,dog
Charlie,Hurford,Male,80,Librarian,tea,pasta,burger,cat
Fulvia,Crummey,Female,47,Environmental Tech,coffee,rice,hot dog,cat
Sam,Faull,Agender,63,VP Marketing,tea,pasta,hot dog,cat
Adela,Krabbe,Female,82,Nurse Practicioner,tea,pasta,hot dog,cat
Drusy,Warn,Female,51,Senior Quality Engineer,coffee,rice,burger,dog
Krissy,Krysztowczyk,Female,87,Assistant Media Planner,tea,rice,burger,cat
Wallis,Drysdale,Female,39,Business Systems Development Analyst,tea,rice,burger,cat
Ugo,Quirk,Male,76,Programmer Analyst I,tea,pasta,burger,cat
Caleb,Vagg,Male,56,Assistant Manager,coffee,pasta,hot dog,dog
Massimo,Brisset,Male,69,Engineer II,coffee,rice,hot dog,dog
Jenn,Levi,Female,63,Business Systems Development Analyst,tea,rice,hot dog,cat
Junie,Salandino,Female,24,Web Designer III,coffee,rice,hot dog,dog
Gauthier,Dodds,Male,57,Tax Accountant,coffee,pasta,burger,cat
Judas,Straun,Male,61,Speech Pathologist,coffee,pasta,burger,dog
Palm,Legion,Male,42,Programmer III,coffee,pasta,burger,dog
Hillyer,Ellse,Male,45,Automation Specialist IV,coffee,rice,hot dog,dog
Aymer,Pimblott,Male,65,Occupational Therapist,coffee,rice,hot dog,dog
Jermaine,Willshaw,Male,74,Dental Hygienist,coffee,pasta,hot dog,cat
Friedrick,Oxford,Male,48,Software Consultant,tea,pasta,burger,dog
Arlen,Marklew,Agender,24,Software Test Engineer III,tea,rice,hot dog,cat
Lee,McMearty,Female,66,Quality Engineer,coffee,pasta,hot dog,cat
Gypsy,Sloper,Female,58,VP Product Management,tea,pasta,hot dog,cat
Lorena,Prichard,Female,50,Software Consultant,tea,pasta,hot dog,cat
Normie,Dennison,Male,64,Teacher,coffee,rice,hot dog,dog
Rubin,Winn,Male,78,Engineer III,coffee,pasta,hot dog,dog
Corissa,Mendenhall,Female,77,Financial Advisor,tea,pasta,hot dog,dog
Donaugh,Vedenichev,Male,83,Software Test Engineer II,tea,pasta,hot dog,cat
Gusti,Leggis,Female,28,Web Designer I,tea,pasta,hot dog,dog
Godard,Pounsett,Male,49,Librarian,tea,pasta,burger,cat
Bernadina,Aish,Female,72,VP Marketing,tea,pasta,hot dog,dog
Arman,Iwaszkiewicz,Bigender,87,Actuary,coffee,pasta,burger,cat
Jacobo,Flade,Male,41,Marketing Assistant,tea,rice,burger,cat
Devon,Wason,Bigender,25,Safety Technician IV,coffee,pasta,hot dog,cat
Dodie,Darnody,Female,65,Help Desk Operator,coffee,rice,burger,dog
Sari,Doyley,Polygender,53,Financial Analyst,tea,pasta,burger,dog
Nobe,Aistrop,Male,28,Information Systems Manager,tea,pasta,burger,dog
Merrilee,Muddiman,Female,29,Graphic Designer,tea,pasta,burger,dog
Marianne,Mercy,Bigender,41,VP Sales,tea,rice,hot dog,cat
Beau,Sawbridge,Male,66,Safety Technician IV,tea,rice,burger,dog
Kellsie,Augustus,Female,71,Nuclear Power Engineer,coffee,pasta,hot dog,cat
Monti,Bellenie,Male,77,Help Desk Operator,coffee,pasta,burger,cat
Rosana,Rippingale,Female,38,Recruiting Manager,tea,rice,burger,cat
Harris,Werrilow,Male,55,Occupational Therapist,coffee,rice,hot dog,cat
Garrard,Cuncliffe,Male,26,VP Accounting,coffee,rice,hot dog,cat
Ilaire,Ludwig,Genderfluid,35,Web Developer I,coffee,rice,hot dog,cat
Dwight,Sholl,Male,61,Software Consultant,tea,pasta,hot dog,cat
Kore,Ivanaev,Female,57,Community Outreach Specialist,tea,pasta,hot dog,cat
Adham,Moraleda,Male,75,Marketing Assistant,coffee,pasta,burger,dog
Edmund,Flecknell,Polygender,84,Librarian,coffee,pasta,hot dog,dog
Opalina,Denness,Polygender,61,Marketing Manager,coffee,pasta,burger,dog
Sula,Lille,Female,73,Research Assistant I,coffee,pasta,hot dog,cat
Rab,Kinmond,Male,50,Statistician I,coffee,rice,burger,dog
Phillipe,Kobpac,Male,21,Budget/Accounting Analyst IV,tea,pasta,burger,dog
Mikey,Albasiny,Male,74,Environmental Tech,coffee,pasta,hot dog,dog
Florence,Raeburn,Non-binary,44,Occupational Therapist,coffee,pasta,burger,cat
Skipton,Sturdy,Bigender,69,Graphic Designer,coffee,pasta,hot dog,dog
Alyse,Redler,Female,34,Product Engineer,tea,rice,burger,cat
Emelia,Helin,Female,78,Professor,tea,pasta,hot dog,dog
Sonni,Ayer,Female,26,Research Nurse,tea,rice,burger,dog
Westley,Stevings,Male,51,Geological Engineer,tea,pasta,burger,cat
Jdavie,Lomb,Male,78,Cost Accountant,tea,rice,hot dog,dog
Willi,Callery,Female,80,Sales Representative,coffee,pasta,burger,dog
Hildy,Trood,Female,24,Editor,coffee,pasta,hot dog,dog
Rudie,Follos,Male,22,Programmer Analyst I,tea,rice,burger,cat
Rhianon,Bangs,Polygender,52,VP Product Management,tea,pasta,hot dog,dog
Henryetta,MacGeaney,Female,75,Accounting Assistant IV,coffee,pasta,hot dog,dog
Christen,McSwan,Female,25,Paralegal,coffee,pasta,hot dog,cat
Eliot,Alflat,Male,64,Web Designer IV,tea,rice,hot dog,dog
Rance,Wendover,Male,22,Senior Cost Accountant,coffee,rice,burger,dog
Cosmo,Lottrington,Male,55,Marketing Assistant,coffee,pasta,hot dog,dog
Bernarr,Twallin,Male,50,Staff Accountant II,coffee,pasta,hot dog,dog
Marjory,Keeling,Female,52,Pharmacist,tea,rice,burger,dog
Eulalie,Creak,Agender,73,Software Test Engineer I,tea,pasta,hot dog,cat
Virgie,Double,Male,27,Quality Control Specialist,coffee,pasta,burger,dog
Melisandra,Jouhning,Female,84,Administrative Officer,coffee,rice,burger,dog
Felice,Bloys,Female,54,Community Outreach Specialist,coffee,pasta,burger,cat
Glori,Campos,Female,19,VP Product Management,coffee,rice,burger,dog
Gwenneth,Gutsell,Female,68,Research Nurse,coffee,pasta,hot dog,dog
Damian,Schuh,Male,49,Actuary,tea,rice,hot dog,dog
Dari,Behn,Female,55,Accounting Assistant IV,tea,pasta,hot dog,cat
Mercedes,Attawell,Female,86,VP Quality Control,tea,rice,burger,cat
Cami,O'Sirin,Non-binary,28,Product Engineer,tea,rice,hot dog,cat
Bobina,Finlan,Female,79,Statistician III,tea,rice,hot dog,cat
Harriette,Blackborow,Female,34,Senior Sales Associate,coffee,pasta,burger,dog
Shandee,Faudrie,Female,72,Office Assistant II,tea,pasta,hot dog,cat
Vernen,McCreagh,Male,54,Office Assistant II,coffee,pasta,burger,dog
Salvatore,Kalker,Male,18,Safety Technician II,tea,rice,hot dog,dog
Karla,Loftus,Female,26,Web Developer IV,tea,rice,hot dog,dog
Miller,Pebworth,Male,87,Design Engineer,tea,pasta,burger,dog
Deck,Itzkowicz,Male,76,Programmer Analyst I,coffee,rice,hot dog,dog
Craig,Mounfield,Male,53,Systems Administrator III,tea,rice,burger,dog
Mel,Hamfleet,Female,76,Marketing Assistant,tea,rice,burger,dog
Drusie,Izzat,Female,55,Mechanical Systems Engineer,tea,pasta,burger,dog
Trudey,Seary,Female,79,Speech Pathologist,tea,rice,hot dog,cat
Hirsch,Tolcharde,Male,59,Staff Accountant IV,tea,pasta,burger,dog
Quill,Toseland,Male,64,Payment Adjustment Coordinator,coffee,rice,hot dog,dog
Diarmid,Hehnke,Male,55,Statistician I,coffee,pasta,burger,dog
Rowan,Locarno,Male,90,GIS Technical Architect,tea,pasta,hot dog,dog
Jephthah,Livzey,Male,51,Cost Accountant,tea,pasta,hot dog,dog
Sauncho,Toulch,Polygender,41,Senior Cost Accountant,coffee,rice,hot dog,dog
Dasi,Giacaponi,Female,39,Analog Circuit Design manager,coffee,pasta,hot dog,dog
Barclay,Van der Veldt,Male,90,Social Worker,tea,pasta,burger,dog
Stacy,Hake,Polygender,37,Web Developer IV,coffee,pasta,burger,dog
Emmeline,McConville,Genderfluid,60,Dental Hygienist,coffee,pasta,burger,cat
Andreana,Nelthorpe,Female,87,Senior Sales Associate,coffee,pasta,hot dog,cat
Edi,Coleborn,Female,43,Administrative Assistant IV,coffee,pasta,hot dog,cat
Blaine,Herculeson,Male,32,Design Engineer,coffee,pasta,burger,dog
Mile,Luxmoore,Male,53,Community Outreach Specialist,tea,pasta,burger,dog
Alden,Felce,Male,50,Senior Financial Analyst,tea,rice,hot dog,dog
Ethelred,Pentland,Male,27,Nurse Practicioner,coffee,pasta,hot dog,dog
Lesley,Duncan,Female,20,Cost Accountant,tea,rice,burger,dog
Rebekkah,Harcourt,Female,75,VP Sales,tea,rice,burger,dog
Bob,Elster,Male,28,Technical Writer,coffee,pasta,burger,dog
Kissiah,Moar,Female,44,Staff Scientist,tea,pasta,hot dog,cat
Christopher,Cassin,Male,32,Software Consultant,coffee,pasta,burger,cat
Moria,Pillman,Female,20,Clinical Specialist,coffee,rice,burger,cat
Lissy,Matijasevic,Female,68,Director of Sales,coffee,rice,burger,cat
Anastasie,Hinemoor,Female,19,Information Systems Manager,coffee,rice,hot dog,dog
Misti,Ferrers,Non-binary,30,Librarian,tea,pasta,burger,cat
Graehme,Rene,Male,28,Food Chemist,coffee,pasta,hot dog,cat
Dorris,Dabbes,Female,29,Sales Associate,coffee,pasta,hot dog,dog
Ryan,Billinge,Agender,73,Assistant Professor,tea,pasta,burger,dog
Norry,Jonas,Female,67,Legal Assistant,tea,rice,hot dog,cat
Lyndy,Tiler,Female,59,Compensation Analyst,tea,pasta,hot dog,cat
Sherye,Hourston,Female,89,General Manager,coffee,rice,burger,dog
Tobi,Karolewski,Female,35,Physical Therapy Assistant,tea,rice,hot dog,cat
Anita,Antoinet,Female,59,Cost Accountant,tea,pasta,burger,cat
Gustie,Dionisetti,Female,34,Help Desk Operator,coffee,pasta,burger,dog
Domenic,Inker,Male,38,Mechanical Systems Engineer,coffee,rice,burger,dog
Bryn,Groneway,Male,34,Operator,tea,rice,burger,cat
Lazaro,Heavens,Male,32,Chemical Engineer,tea,rice,burger,dog
Erie,Kalewe,Male,50,Electrical Engineer,coffee,rice,burger,dog
Cesya,Kleynermans,Female,78,Media Manager IV,tea,pasta,hot dog,dog
Terri,Goforth,Female,74,Assistant Manager,tea,rice,burger,cat
Rochella,Bouldon,Female,45,VP Product Management,coffee,rice,hot dog,dog
Abby,Kyndred,Female,35,Marketing Manager,coffee,rice,hot dog,dog
Pavia,De Freitas,Female,18,Associate Professor,tea,pasta,burger,dog
Franky,Toten,Female,59,Sales Representative,coffee,pasta,hot dog,dog
Robinett,Presslie,Female,46,Occupational Therapist,coffee,pasta,hot dog,cat
Brocky,Ettles,Male,73,Physical Therapy Assistant,tea,rice,burger,dog
Randolf,Couttes,Male,83,Technical Writer,coffee,pasta,hot dog,cat
Nadean,Fretwell,Female,41,Research Assistant II,tea,pasta,hot dog,cat
Falkner,Leach,Genderqueer,46,Paralegal,coffee,rice,burger,dog
Cello,Lille,Male,44,Teacher,tea,rice,hot dog,cat
Maure,Rhodes,Female,40,Executive Secretary,coffee,rice,hot dog,cat
Giovanna,Thoresby,Genderqueer,28,Tax Accountant,coffee,rice,burger,cat
Ephrem,Courson,Male,53,Technical Writer,coffee,pasta,burger,cat
Shana,Gummoe,Female,32,Recruiting Manager,tea,pasta,hot dog,dog
Angeli,de Vaen,Male,47,Information Systems Manager,tea,rice,burger,cat
Gladi,Buse,Female,41,Geologist III,coffee,pasta,hot dog,cat
Amelina,Robard,Female,60,Safety Technician II,coffee,pasta,burger,dog
Ajay,Chaunce,Female,74,Senior Quality Engineer,coffee,rice,burger,cat
Garnet,Burlingame,Female,90,Accounting Assistant II,tea,rice,hot dog,dog
Annabela,Turbard,Female,55,Assistant Media Planner,coffee,pasta,burger,cat
Filberto,Stuckes,Male,73,Staff Accountant IV,coffee,rice,hot dog,cat
Jeffy,Von Welden,Male,57,Business Systems Development Analyst,coffee,rice,hot dog,cat
Burl,Briant,Male,86,Systems Administrator III,coffee,pasta,burger,dog
Baldwin,Butteris,Male,75,Accounting Assistant II,coffee,pasta,hot dog,dog
Leanor,Ewan,Female,58,Research Nurse,coffee,rice,burger,cat
Samara,Govey,Female,26,Occupational Therapist,tea,rice,burger,cat
Josselyn,Brew,Female,18,Senior Quality Engineer,tea,pasta,hot dog,dog
Reg,Gozney,Male,64,Structural Engineer,tea,rice,burger,dog
Carmon,Dufer,Female,59,Sales Representative,coffee,pasta,burger,cat
Desdemona,Cleaton,Polygender,66,Senior Editor,tea,rice,hot dog,cat
Cyndie,Slogrove,Female,64,Recruiter,coffee,rice,hot dog,cat
Buddy,Hamnet,Male,73,VP Marketing,tea,rice,hot dog,cat
Tadeo,Biskupek,Male,24,Accounting Assistant I,tea,pasta,burger,cat
Paige,Condie,Male,20,Social Worker,coffee,pasta,hot dog,cat
Rebeka,Redwall,Female,80,Pharmacist,tea,pasta,burger,cat
Morey,Prestland,Male,87,Dental Hygienist,tea,pasta,burger,cat
Melissa,D'Adamo,Female,64,Paralegal,tea,rice,hot dog,cat
Ronnie,Chastey,Male,64,Programmer II,coffee,pasta,burger,cat
Birch,Ing,Male,53,Professor,coffee,pasta,burger,dog
Hanna,Tolcher,Female,56,Accounting Assistant III,coffee,pasta,hot dog,dog
Glad,Clother,Female,34,Assistant Professor,tea,rice,burger,dog
Aurthur,Rosenvasser,Male,58,VP Marketing,coffee,pasta,hot dog,dog
Nola,Teodorski,Female,69,Human Resources Assistant IV,coffee,pasta,burger,dog
Sheelah,Hanscom,Female,63,Analyst Programmer,coffee,rice,hot dog,dog
Neilla,Gronno,Female,41,Assistant Media Planner,coffee,rice,hot dog,cat
Anneliese,McLoney,Female,90,Legal Assistant,tea,pasta,hot dog,cat
Griff,Pengilly,Male,70,Chief Design Engineer,tea,pasta,burger,dog
Henrietta,Pannett,Female,48,Account Coordinator,coffee,pasta,burger,cat
Edvard,Wackly,Male,62,Tax Accountant,coffee,rice,burger,dog
Leland,Haws,Male,35,Budget/Accounting Analyst III,tea,rice,hot dog,dog
Wilbur,Rielly,Male,28,Account Representative III,coffee,pasta,hot dog,cat
Reidar,Doel,Male,56,Database Administrator IV,coffee,pasta,burger,cat
Ariel,Grew,Polygender,36,Nurse,coffee,rice,burger,cat
Rochella,Smithe,Female,77,Recruiting Manager,coffee,rice,burger,dog
Torrie,Sabater,Female,67,Chemical Engineer,tea,pasta,burger,dog
Kassi,Beat,Female,86,Statistician II,coffee,pasta,burger,dog
Violette,Grantham,Female,80,Account Representative I,tea,rice,burger,cat
Rudie,Dreinan,Male,28,Actuary,tea,pasta,burger,dog
Cos,Jacobi,Male,48,Sales Associate,coffee,rice,hot dog,dog
Cornell,Heald,Male,50,Executive Secretary,tea,pasta,hot dog,dog
Katharyn,Gayden,Female,49,Business Systems Development Analyst,tea,rice,burger,dog
Daven,McCroary,Male,49,Senior Editor,coffee,pasta,burger,cat
Tressa,Burnhill,Agender,32,Recruiting Manager,tea,rice,burger,cat
Sandor,Yvens,Male,24,Safety Technician II,coffee,rice,burger,dog
Braden,Gange,Male,37,Librarian,tea,rice,burger,cat
Britta,Arthey,Female,22,Web Designer II,coffee,pasta,burger,cat
Garrot,Norrie,Agender,75,Civil Engineer,tea,pasta,hot dog,cat
Martyn,McBrady,Bigender,38,GIS Technical Architect,tea,pasta,burger,dog
Sherry,Panner,Female,85,Programmer Analyst III,tea,pasta,hot dog,dog
Shirlee,Frail,Genderqueer,71,Graphic Designer,coffee,rice,hot dog,dog
Garwin,Meiningen,Male,86,Pharmacist,coffee,pasta,burger,cat
Alejandro,Magrane,Male,28,Health Coach IV,tea,pasta,burger,cat
Geoffry,Gillan,Male,78,Registered Nurse,tea,rice,burger,dog
Georgianna,Kindall,Female,57,Quality Engineer,tea,pasta,burger,cat
Archibaldo,Aulton,Agender,72,Administrative Officer,tea,pasta,hot dog,cat
Temple,Sainz,Male,35,Programmer IV,coffee,rice,burger,dog
Daryl,Bertomier,Female,83,Sales Representative,coffee,rice,burger,cat
Steffen,Measen,Male,89,Technical Writer,tea,pasta,burger,dog
Barbee,Setterfield,Female,21,Community Outreach Specialist,tea,rice,burger,cat
Giacobo,Villalta,Male,75,Budget/Accounting Analyst IV,coffee,pasta,hot dog,dog
Thorin,Peers,Male,33,Associate Professor,tea,rice,hot dog,cat
Dorie,Kaveney,Male,18,Senior Sales Associate,tea,pasta,burger,dog
Olympie,Ventum,Female,39,VP Sales,tea,rice,burger,dog
Kendal,Duguid,Male,90,Executive Secretary,tea,rice,hot dog,dog
Correna,Parlett,Female,40,Food Chemist,coffee,rice,burger,dog
Conway,Dorney,Male,43,Staff Scientist,coffee,rice,burger,cat
August,Hardwell,Male,53,Engineer I,coffee,rice,burger,cat
Kettie,Feely,Female,60,Physical Therapy Assistant,coffee,rice,hot dog,cat
Alida,Reyner,Female,37,Paralegal,tea,pasta,burger,dog
Grove,Brice,Male,81,Web Designer II,tea,rice,hot dog,cat
Eleanora,Franks,Female,80,VP Quality Control,coffee,rice,hot dog,dog
Livvyy,Goodrick,Female,62,Budget/Accounting Analyst II,tea,rice,burger,cat
Benn,Izzat,Male,26,Administrative Officer,coffee,rice,hot dog,dog
Charmaine,Lashmore,Female,76,Staff Scientist,coffee,rice,burger,cat
Verile,Madgwich,Female,30,Speech Pathologist,tea,rice,hot dog,cat
Lanny,Orcas,Male,34,Software Test Engineer I,tea,pasta,burger,dog
Montgomery,Moore,Male,52,Research Nurse,coffee,pasta,hot dog,cat
Chan,MacAlinden,Male,85,Social Worker,tea,pasta,burger,dog
Camile,Aronson,Female,22,Account Executive,coffee,pasta,hot dog,dog
Minna,Trigg,Female,53,Analog Circuit Design manager,coffee,rice,burger,dog
Hamlen,Gadson,Male,46,Budget/Accounting Analyst IV,tea,pasta,burger,cat
Alf,Idel,Agender,66,Physical Therapy Assistant,tea,pasta,hot dog,cat
Taylor,Jennens,Male,33,Project Manager,tea,rice,burger,dog
Dionis,Rookes,Female,40,Health Coach IV,tea,pasta,burger,dog
Boigie,Brabyn,Male,87,Financial Analyst,tea,rice,hot dog,dog
Candide,Martelet,Female,75,Software Test Engineer I,coffee,rice,burger,dog
Selestina,Pulham,Female,56,VP Quality Control,coffee,pasta,burger,cat
Mei,Brownsworth,Female,29,Occupational Therapist,coffee,rice,burger,cat
Becky,Saladino,Female,45,Assistant Media Planner,tea,pasta,burger,dog
Ailis,Kinde,Polygender,26,Registered Nurse,coffee,rice,burger,cat
Gallagher,Wilsey,Male,41,Geological Engineer,coffee,pasta,hot dog,cat
Zsazsa,Andrassy,Female,81,Nurse Practicioner,tea,rice,burger,dog
Zuzana,Putman,Female,59,Web Developer IV,tea,rice,hot dog,cat
Afton,Bennis,Female,23,Structural Analysis Engineer,tea,rice,burger,cat
Clarisse,Mahedy,Female,63,Cost Accountant,coffee,rice,hot dog,dog
Pearle,Lathleiff,Female,28,Senior Sales Associate,tea,rice,burger,cat
Carmella,Tirrell,Female,78,VP Accounting,tea,pasta,burger,dog
Maris,Harrington,Female,48,Professor,tea,pasta,hot dog,cat
Egon,Omrod,Male,63,Librarian,tea,pasta,burger,dog
Idette,Chudleigh,Bigender,30,Automation Specialist III,coffee,pasta,hot dog,dog
Baron,Forlong,Male,46,GIS Technical Architect,tea,pasta,burger,cat
Skipper,Aindrais,Male,54,Dental Hygienist,tea,rice,hot dog,cat
Leora,Bondy,Female,21,Teacher,tea,rice,hot dog,cat
Bendicty,Ellul,Male,62,Nurse,tea,rice,burger,cat
Poppy,Patey,Bigender,40,Structural Analysis Engineer,coffee,rice,burger,dog
Garold,Lyokhin,Male,28,Tax Accountant,coffee,rice,burger,cat
Shelia,Elcome,Female,40,Senior Editor,tea,rice,hot dog,dog
Glenden,Leal,Male,28,Payment Adjustment Coordinator,coffee,rice,burger,dog
Mick,Becks,Male,81,Actuary,tea,pasta,hot dog,cat
Shayne,Blaxeland,Female,23,Community Outreach Specialist,tea,pasta,hot dog,cat
Shelby,Fandrey,Female,18,Office Assistant III,tea,pasta,burger,cat
Crystal,Wint,Female,51,Analyst Programmer,coffee,rice,burger,cat
Kikelia,Morrant,Female,61,Director of Sales,tea,pasta,hot dog,dog
Stanford,Bellis,Male,30,Paralegal,tea,rice,hot dog,dog
Kitty,Izzat,Female,29,Social Worker,coffee,rice,hot dog,cat
Susi,Enterle,Female,29,Structural Analysis Engineer,tea,rice,hot dog,dog
Frazier,McMechan,Male,35,Accounting Assistant III,coffee,rice,burger,dog
Henderson,Washington,Male,88,General Manager,tea,rice,hot dog,cat
Marvin,Duplock,Male,59,Speech Pathologist,coffee,rice,hot dog,cat
Hershel,Gerrett,Male,62,Assistant Professor,coffee,rice,hot dog,dog
Meier,Loosley,Bigender,34,VP Marketing,coffee,pasta,burger,cat
Perl,Goodredge,Female,89,Civil Engineer,coffee,rice,burger,cat
Clyde,Verry,Male,76,Business Systems Development Analyst,coffee,rice,burger,cat
Norri,Luetkemeyers,Female,74,Web Developer IV,coffee,rice,hot dog,dog
Robinette,Hawtrey,Bigender,71,Biostatistician III,coffee,pasta,burger,dog
Jan,Vedenyakin,Male,32,Analyst Programmer,coffee,pasta,hot dog,cat
Olin,Strainge,Male,73,Recruiting Manager,tea,pasta,burger,cat
Benito,Eeles,Male,64,Office Assistant II,tea,rice,hot dog,dog
Johny,Nurcombe,Male,19,Nuclear Power Engineer,coffee,rice,hot dog,cat
Sarine,Glasgow,Female,29,Assistant Manager,tea,pasta,burger,dog
Jareb,Maun,Male,85,Assistant Professor,tea,rice,burger,cat
See,Phoebe,Male,78,Business Systems Development Analyst,tea,rice,burger,cat
Daisi,Greiser,Female,89,Engineer II,coffee,rice,hot dog,cat
Rube,Yakushkin,Male,68,Data Coordiator,coffee,rice,burger,dog
Osmond,Pitrelli,Male,72,Senior Developer,tea,pasta,burger,cat
Benita,Leatt,Female,25,Budget/Accounting Analyst II,coffee,pasta,hot dog,dog
Candice,Flower,Female,72,Software Engineer II,coffee,pasta,burger,dog
Jeanne,Daulton,Female,79,Statistician II,tea,pasta,burger,dog
Fredericka,Lindfors,Female,63,Social Worker,tea,rice,burger,dog
Gwenette,Brucker,Female,61,Nuclear Power Engineer,coffee,pasta,burger,cat
Karrie,Glasby,Genderqueer,74,Account Representative III,coffee,pasta,hot dog,dog
Elayne,Croucher,Female,29,VP Marketing,tea,pasta,hot dog,dog
Sherwood,Stollwerk,Male,28,Computer Systems Analyst II,coffee,pasta,hot dog,cat
Sybilla,Houndesome,Female,69,Nurse,coffee,pasta,hot dog,cat
D'arcy,L' Anglois,Male,58,Assistant Manager,tea,pasta,hot dog,cat
Bearnard,Linneman,Male,52,Tax Accountant,tea,rice,burger,dog
Claudian,Rosso,Male,19,Programmer Analyst IV,tea,pasta,hot dog,cat
Jennifer,Brentnall,Female,74,Database Administrator I,tea,rice,burger,dog
Shurwood,Casier,Male,31,Senior Developer,tea,rice,burger,dog
Babbette,Howat,Female,71,Paralegal,coffee,pasta,burger,dog
Jacinta,O' Cuolahan,Female,60,Environmental Specialist,coffee,pasta,burger,cat
Barbette,Ison,Female,21,Health Coach III,tea,pasta,hot dog,cat
Glen,Itzhak,Male,56,Web Developer III,coffee,rice,burger,cat
Osborne,Gonnard,Male,36,Nurse,tea,rice,burger,cat
Adria,Fancet,Female,84,Engineer III,coffee,rice,hot dog,cat
Dimitri,Vasilmanov,Male,73,Actuary,coffee,pasta,hot dog,dog
Magdalena,Dumbleton,Female,75,Desktop Support Technician,coffee,rice,burger,cat
Georgi,Chellam,Male,59,Senior Quality Engineer,tea,pasta,burger,cat
Vick,McCoveney,Male,51,Physical Therapy Assistant,coffee,pasta,burger,cat
Ase,Antoniewicz,Male,26,Physical Therapy Assistant,coffee,pasta,hot dog,cat
Willy,Costock,Female,86,Human Resources Manager,coffee,rice,burger,cat
Kaile,Laying,Female,42,Associate Professor,tea,rice,hot dog,cat
Thomasina,Foresight,Non-binary,43,Occupational Therapist,tea,pasta,burger,cat
Obidiah,Spellesy,Male,61,Sales Associate,coffee,rice,burger,dog
Bobbette,Lie,Female,34,Accountant IV,tea,pasta,hot dog,cat
Trevor,Corbitt,Male,59,Help Desk Technician,tea,rice,burger,dog
Odo,Bricket,Male,58,Quality Engineer,coffee,rice,hot dog,cat
Trescha,Gallandre,Female,50,Director of Sales,coffee,pasta,hot dog,cat
Olia,Vader,Female,60,Paralegal,tea,pasta,hot dog,cat
Bearnard,Clemas,Male,63,Marketing Manager,coffee,rice,burger,cat
Tallia,Fidelus,Female,81,Clinical Specialist,tea,rice,hot dog,cat
Karlotta,Rothchild,Female,86,Executive Secretary,coffee,pasta,burger,cat
Shela,Zorzenoni,Female,18,VP Marketing,tea,rice,burger,dog
Sarine,Lovelock,Female,48,Account Coordinator,tea,pasta,hot dog,dog
Ettie,Hysom,Female,31,Nurse,coffee,pasta,hot dog,cat
Jedediah,Elster,Male,84,Project Manager,tea,pasta,hot dog,dog
Wilma,Heap,Female,89,Marketing Assistant,coffee,pasta,burger,cat
Caitlin,Fagan,Female,29,Physical Therapy Assistant,tea,pasta,hot dog,dog
Sib,Danigel,Female,34,Nurse Practicioner,tea,rice,burger,dog
Idalia,Bentinck,Female,74,Software Consultant,coffee,rice,burger,cat
Cully,Gronaver,Male,83,Junior Executive,tea,rice,hot dog,cat
Liana,Pietranek,Female,56,Help Desk Technician,coffee,rice,burger,cat
Gabby,Lavens,Male,65,Statistician II,tea,rice,hot dog,dog
Luther,Peter,Male,39,Statistician III,tea,rice,burger,dog
Hetti,Crosskill,Female,51,Desktop Support Technician,tea,rice,burger,dog
Carol-jean,Terzo,Female,85,Senior Financial Analyst,tea,pasta,burger,dog
Mathian,Brettelle,Male,63,Account Representative I,coffee,pasta,hot dog,dog
Melisse,Satterfitt,Female,52,Environmental Tech,tea,rice,hot dog,cat
Alonzo,Sallarie,Male,83,Nuclear Power Engineer,coffee,pasta,hot dog,dog
Sabina,Mathers,Female,57,Internal Auditor,coffee,rice,burger,cat
Hakeem,Verry,Male,28,Associate Professor,tea,rice,burger,cat
Elle,Joynson,Female,36,Staff Scientist,coffee,pasta,burger,dog
Pete,Physick,Male,30,Information Systems Manager,tea,rice,hot dog,cat
Welch,Witcherley,Male,29,Occupational Therapist,tea,rice,burger,dog
Fielding,Cranston,Male,25,Accounting Assistant III,coffee,pasta,hot dog,dog
Arlin,Williams,Male,40,VP Quality Control,tea,rice,hot dog,dog
Fransisco,Bushrod,Male,52,Computer Systems Analyst II,coffee,rice,hot dog,cat
Estella,Hurton,Female,35,Quality Control Specialist,tea,rice,burger,dog
Danica,Constantinou,Female,71,Web Developer III,tea,rice,burger,dog
Matthiew,Albiston,Male,74,Financial Advisor,coffee,pasta,burger,cat
Fair,Odams,Male,46,VP Marketing,coffee,pasta,burger,dog
Annmarie,Napier,Female,71,Mechanical Systems Engineer,tea,pasta,hot dog,dog
Judye,Squeers,Female,41,Quality Control Specialist,tea,pasta,burger,dog
Pepito,Probart,Male,33,Design Engineer,tea,rice,burger,cat
Rafaellle,De Filippo,Male,54,Nurse,coffee,pasta,burger,dog
Marti,Chinge,Female,73,Quality Engineer,tea,pasta,burger,dog
Sophi,Giacopello,Bigender,44,Environmental Specialist,tea,pasta,burger,cat
Oswell,Peltzer,Male,74,Business Systems Development Analyst,coffee,rice,burger,dog
Farra,Cuncarr,Agender,20,Senior Sales Associate,tea,rice,hot dog,dog
Paddy,Palffrey,Male,83,Help Desk Operator,coffee,rice,hot dog,dog
Margaretta,Mancktelow,Non-binary,45,Clinical Specialist,coffee,rice,burger,cat
Didi,Burchett,Female,63,Analyst Programmer,tea,rice,burger,cat
Griffy,Kondrachenko,Genderfluid,90,Assistant Media Planner,tea,rice,hot dog,cat
Dixie,Heintzsch,Female,76,Software Test Engineer IV,coffee,pasta,burger,dog
Domenico,Bartali,Male,90,VP Quality Control,coffee,rice,burger,dog
Leonelle,Deighton,Genderfluid,28,Sales Associate,tea,rice,burger,dog
Sid,Yepiskov,Male,58,Health Coach I,coffee,rice,burger,dog
Dulcia,Duckering,Female,21,Social Worker,tea,pasta,burger,dog
Giulio,Bartolomeu,Male,66,Accounting Assistant III,coffee,pasta,burger,dog
Lauren,Breen,Female,58,Quality Engineer,coffee,rice,hot dog,dog
Thedric,Ajean,Male,51,Quality Control Specialist,coffee,rice,hot dog,cat
Peria,Dunlap,Female,84,Nuclear Power Engineer,coffee,rice,burger,cat
Bethena,MacLeod,Bigender,55,Account Representative II,tea,rice,hot dog,cat
Torin,Ratcliff,Male,32,General Manager,coffee,rice,hot dog,cat
Joann,Harwell,Female,66,Environmental Specialist,tea,pasta,hot dog,cat
Yorgo,Macieiczyk,Male,26,Professor,coffee,pasta,burger,cat
Camilla,Chatainier,Female,84,Analyst Programmer,tea,rice,hot dog,cat
Papageno,Capps,Male,57,GIS Technical Architect,tea,rice,burger,dog
Helge,Revill,Female,78,Teacher,coffee,rice,hot dog,cat
Christalle,Crate,Female,46,Account Executive,tea,rice,hot dog,dog
Smith,Alldre,Genderqueer,41,Chief Design Engineer,coffee,rice,burger,cat
Lauri,Gauchier,Female,37,Technical Writer,tea,rice,burger,dog
Maurine,Daughtrey,Female,39,VP Accounting,tea,rice,burger,cat
Ashien,Beverage,Female,88,Senior Developer,coffee,pasta,burger,cat
Farlee,Fish,Male,46,Safety Technician II,coffee,rice,burger,cat
Pier,Badman,Female,31,Executive Secretary,coffee,pasta,burger,dog
Mathilde,Paolinelli,Female,26,Operator,tea,rice,burger,dog
Riva,Mash,Female,69,VP Quality Control,coffee,pasta,hot dog,dog
Celinka,Okell,Female,33,Web Designer I,coffee,pasta,burger,cat
Tybalt,Dench,Bigender,49,Tax Accountant,tea,pasta,burger,cat
Deny,Munslow,Female,86,VP Quality Control,tea,pasta,burger,dog
Shane,Teulier,Male,37,Account Coordinator,tea,rice,hot dog,cat
Piotr,Chastan,Male,50,Registered Nurse,tea,rice,hot dog,cat
Panchito,McGinn,Male,41,Nuclear Power Engineer,coffee,pasta,hot dog,dog
Hedwiga,Clemence,Female,84,Mechanical Systems Engineer,tea,pasta,burger,dog
Clem,Cannop,Female,71,General Manager,tea,rice,hot dog,dog
Brietta,Broseke,Genderqueer,81,Recruiting Manager,tea,rice,burger,cat
Thebault,Knight,Male,70,VP Accounting,tea,rice,burger,cat
Binnie,Stoller,Female,60,Technical Writer,coffee,rice,burger,dog
Maison,Van den Velde,Male,33,Graphic Designer,tea,pasta,burger,dog
Jake,Correa,Male,18,Account Executive,coffee,pasta,burger,dog
Harwell,Asplin,Male,48,Recruiting Manager,tea,pasta,burger,dog
Baird,Shallcroff,Male,28,Environmental Specialist,coffee,rice,hot dog,dog
Freddie,Townson,Male,46,Marketing Manager,coffee,pasta,burger,dog
Ortensia,Balhatchet,Female,34,Geological Engineer,coffee,pasta,hot dog,cat
Joshua,Ales,Male,60,Quality Control Specialist,coffee,pasta,hot dog,cat
Corey,Kitcherside,Male,75,Marketing Assistant,coffee,rice,hot dog,dog
Eddy,Seczyk,Female,68,VP Quality Control,coffee,rice,hot dog,cat
Karlan,Trustrie,Male,90,Systems Administrator IV,coffee,pasta,hot dog,dog
Julienne,Matten,Female,36,Executive Secretary,coffee,rice,hot dog,dog
Marja,Keeping,Female,81,Nurse,tea,rice,hot dog,dog
Jena,Dewdeny,Female,86,Editor,coffee,rice,burger,dog
Savina,Frentz,Female,22,Research Associate,coffee,pasta,hot dog,dog
Modesty,Coe,Genderqueer,62,Quality Engineer,coffee,rice,burger,dog
Maire,Ashenhurst,Female,71,Help Desk Technician,coffee,rice,burger,cat
Debra,Caen,Female,48,Human Resources Manager,tea,rice,hot dog,cat
Babita,Bordes,Female,22,Marketing Assistant,coffee,rice,burger,cat
Griffith,Manclark,Male,48,Pharmacist,tea,pasta,hot dog,dog
Lonee,Dimnage,Female,65,Safety Technician I,tea,pasta,hot dog,cat
Bobby,Lanchberry,Male,24,Help Desk Operator,coffee,pasta,hot dog,dog
Vidovik,Tuite,Male,23,Payment Adjustment Coordinator,coffee,rice,burger,cat
Trudy,Simoneton,Female,36,Paralegal,tea,pasta,burger,dog
Quill,Powton,Male,25,Sales Associate,tea,rice,burger,cat
Wileen,Anderson,Female,64,Teacher,coffee,rice,hot dog,cat
Jennilee,Chapelhow,Female,67,Human Resources Assistant I,tea,rice,hot dog,dog
Maurene,Malkinson,Female,89,Engineer II,coffee,pasta,burger,cat
Mia,Barosch,Female,66,Tax Accountant,coffee,pasta,burger,dog
Tana,Kmieciak,Female,43,VP Product Management,tea,rice,burger,dog
Britt,Odhams,Male,27,Product Engineer,coffee,pasta,burger,dog
Kassie,Longden,Female,21,Database Administrator I,tea,rice,hot dog,cat
Brianne,Salzberger,Female,46,Product Engineer,coffee,rice,burger,dog
Cordey,Persent,Female,76,Structural Analysis Engineer,coffee,pasta,burger,cat
Venita,Weeden,Female,24,Structural Engineer,tea,pasta,hot dog,cat
Jordan,Winborn,Male,71,GIS Technical Architect,coffee,pasta,burger,dog
Esme,Penton,Genderqueer,55,Web Developer II,tea,pasta,burger,cat
Miriam,Tease,Female,76,Nurse,coffee,pasta,hot dog,cat
Karie,Szymanowicz,Female,71,Business Systems Development Analyst,coffee,rice,hot dog,dog
Nicola,Simanenko,Agender,60,Statistician III,tea,rice,burger,cat
Edgar,Forestall,Male,72,Project Manager,tea,rice,burger,dog
Geralda,Ritch,Female,80,Tax Accountant,coffee,rice,hot dog,dog
Sigvard,Randlesome,Male,37,Structural Engineer,tea,pasta,burger,dog
Danni,Gregoretti,Female,30,Executive Secretary,coffee,pasta,hot dog,dog
Ambrosius,Haylock,Male,63,Data Coordiator,coffee,rice,hot dog,cat
Laetitia,Koschke,Female,89,Office Assistant II,tea,pasta,hot dog,dog
Gene,Simoneton,Male,58,Administrative Officer,coffee,pasta,hot dog,dog
Nero,Croxley,Male,69,Research Assistant I,coffee,rice,burger,dog
Trisha,Legier,Agender,85,Marketing Manager,coffee,pasta,hot dog,dog
Flss,Denzilow,Polygender,18,Office Assistant IV,tea,pasta,burger,dog
Denyse,Targe,Female,87,Information Systems Manager,tea,rice,burger,cat
Jeanine,Lydiard,Female,23,Account Executive,tea,pasta,burger,dog
Pat,Rousby,Male,32,Geologist I,tea,rice,hot dog,dog
Cristal,Pillifant,Female,59,VP Product Management,coffee,pasta,burger,dog
Tammy,Raffles,Male,90,Assistant Media Planner,coffee,pasta,burger,dog
Alfred,Josilowski,Male,69,Financial Advisor,tea,pasta,burger,cat
Mira,Maidens,Female,23,Business Systems Development Analyst,tea,pasta,hot dog,dog
Samuel,Bernardet,Male,71,Legal Assistant,tea,pasta,hot dog,dog
Burl,Dufour,Male,34,Structural Analysis Engineer,coffee,rice,burger,cat
Curtice,Thackray,Male,52,GIS Technical Architect,coffee,pasta,hot dog,cat
Ogdan,Bonass,Male,52,Tax Accountant,tea,pasta,burger,dog
Onida,Klimentyonok,Female,75,Information Systems Manager,coffee,rice,hot dog,cat
Edvard,Newcom,Male,65,Pharmacist,tea,rice,hot dog,dog
Emilio,Buten,Male,51,Quality Engineer,coffee,rice,burger,dog
Yalonda,Stonier,Female,43,Chemical Engineer,coffee,pasta,burger,dog
Lorne,Le Brom,Female,30,Senior Sales Associate,tea,pasta,hot dog,dog
Rochell,Dubois,Female,18,Social Worker,coffee,rice,burger,dog
Kora,MacGowan,Female,32,Human Resources Manager,tea,rice,hot dog,dog
Grethel,Elcoate,Bigender,27,VP Quality Control,coffee,pasta,burger,dog
Aubrey,Biaggetti,Male,29,Environmental Tech,coffee,pasta,burger,dog
Meara,Borland,Female,21,Cost Accountant,tea,pasta,hot dog,dog
Cassandra,McKinless,Female,33,Office Assistant I,coffee,pasta,hot dog,dog
Lian,Arkin,Female,43,Professor,coffee,pasta,hot dog,cat
Delilah,Quadrio,Female,77,Cost Accountant,tea,rice,hot dog,dog
Kerwin,Bounds,Male,37,Software Test Engineer I,coffee,pasta,hot dog,dog
Sonia,Piggin,Female,85,Project Manager,tea,pasta,hot dog,dog
Andras,Rooper,Male,68,Account Executive,coffee,rice,hot dog,cat
Donica,Kingsnoad,Female,80,Senior Cost Accountant,coffee,pasta,burger,dog
Nolan,Seacroft,Male,45,Research Assistant III,tea,rice,hot dog,dog
Hewett,Doale,Male,59,Marketing Manager,tea,pasta,hot dog,cat
Lorita,Colmer,Female,28,Dental Hygienist,coffee,rice,burger,dog
Uta,Creech,Female,45,Assistant Professor,coffee,rice,hot dog,dog
D'arcy,MacCartair,Male,22,Information Systems Manager,coffee,rice,burger,cat
Chryste,Wreford,Female,48,Staff Scientist,coffee,pasta,burger,dog
Alon,Duberry,Male,69,Staff Accountant III,tea,pasta,burger,cat
Nicola,Brooks,Male,38,Payment Adjustment Coordinator,coffee,rice,hot dog,dog
Hilde,Roistone,Female,54,Staff Scientist,coffee,rice,hot dog,dog
Armand,Walbrun,Agender,39,Community Outreach Specialist,coffee,rice,hot dog,dog
Karrah,Klewi,Female,89,Safety Technician III,tea,pasta,hot dog,dog
Beryl,Luckwell,Female,37,VP Marketing,coffee,pasta,hot dog,dog
Allin,Bowser,Male,57,Graphic Designer,tea,pasta,hot dog,cat
Alaric,Ardley,Male,73,Operator,tea,pasta,hot dog,dog
Kyrstin,Gabotti,Female,66,Database Administrator III,coffee,pasta,hot dog,cat
Marjy,Casillas,Bigender,89,Account Executive,coffee,pasta,burger,cat
Ode,O'Dowling,Male,30,Statistician II,tea,pasta,burger,dog
Terza,Durtnall,Female,31,Budget/Accounting Analyst IV,coffee,rice,burger,cat
Ermengarde,Torpie,Female,34,Administrative Assistant I,coffee,rice,burger,cat
Marlie,Riepel,Female,22,Dental Hygienist,tea,pasta,burger,cat
Vicki,Lawrenceson,Female,68,Editor,tea,pasta,burger,cat
Donn,Gorvin,Male,53,Graphic Designer,tea,rice,burger,dog
Job,Arboin,Male,19,Assistant Media Planner,coffee,pasta,hot dog,cat
Mona,Ashfold,Female,49,Health Coach III,coffee,rice,burger,cat
Udall,Hallin,Male,75,VP Accounting,coffee,pasta,hot dog,cat
Ernestus,Cords,Male,58,Geological Engineer,tea,rice,hot dog,dog
Latia,Minot,Female,47,VP Accounting,coffee,pasta,hot dog,cat
Nelson,Tibbs,Male,37,Director of Sales,coffee,rice,hot dog,dog
Ailina,Baselio,Female,33,Professor,tea,rice,hot dog,cat
Tamar,Philipson,Female,61,Human Resources Assistant III,coffee,rice,burger,dog
Adair,Giles,Male,20,Dental Hygienist,tea,pasta,burger,dog
Hal,Hurley,Male,52,Programmer IV,tea,rice,burger,cat
Niccolo,Slowcock,Male,86,Compensation Analyst,coffee,rice,hot dog,cat
Karissa,Juliano,Bigender,33,Systems Administrator IV,tea,rice,hot dog,dog
Velma,Nend,Female,39,Geologist IV,tea,pasta,burger,cat
Clair,Volette,Male,33,Food Chemist,coffee,rice,hot dog,cat
Tadeas,Fort,Male,80,Nurse,tea,rice,burger,cat
Donall,Cartwight,Male,41,Automation Specialist IV,coffee,pasta,burger,cat
Joly,Fardoe,Female,24,Recruiter,tea,pasta,burger,cat
Verena,Garoghan,Female,72,Geological Engineer,tea,rice,burger,cat
Helen-elizabeth,Cool,Female,43,Statistician I,coffee,rice,hot dog,cat
Anton,Pimbley,Male,66,Nurse,coffee,rice,burger,dog
Olva,Isacsson,Female,77,Web Developer IV,coffee,rice,burger,cat
Shaylynn,Bastiman,Female,67,Software Engineer IV,coffee,pasta,burger,cat
Emelda,Greenland,Genderqueer,79,VP Product Management,tea,rice,burger,cat
Cece,de Najera,Male,48,Food Chemist,tea,pasta,hot dog,dog
Malena,Sandcroft,Female,39,Account Coordinator,coffee,pasta,hot dog,dog
Allie,Dow,Female,26,VP Quality Control,coffee,rice,burger,cat
Thoma,Sidle,Male,66,VP Marketing,tea,pasta,burger,dog
Florie,Sworne,Female,27,Editor,coffee,pasta,hot dog,cat
Car,Figger,Polygender,49,Operator,coffee,rice,hot dog,dog
Margret,Haveline,Female,88,Help Desk Technician,tea,rice,burger,dog
Bernardina,Melin,Female,77,Systems Administrator IV,coffee,rice,hot dog,dog
Stanislas,Kingwell,Male,34,Design Engineer,coffee,pasta,hot dog,dog
Morley,Lonsbrough,Male,59,Senior Editor,tea,pasta,burger,dog
Welsh,Broadbear,Male,18,Account Representative I,tea,pasta,burger,dog
Cassie,Alloisi,Female,42,Environmental Specialist,coffee,rice,burger,dog
Gal,Loxley,Male,77,Senior Editor,coffee,pasta,burger,cat
Daphne,Sancroft,Female,25,Staff Scientist,tea,rice,hot dog,dog
Fenelia,Salt,Female,65,Analyst Programmer,tea,rice,hot dog,dog
Shandy,Seager,Female,49,Administrative Officer,tea,pasta,hot dog,cat
Kordula,Mitcheson,Female,77,Help Desk Operator,coffee,pasta,burger,dog
Jorge,Paaso,Male,90,Senior Quality Engineer,tea,rice,burger,cat
Jori,Gianullo,Female,76,Media Manager III,coffee,pasta,hot dog,cat
Bette-ann,Cescot,Female,85,Electrical Engineer,tea,pasta,burger,dog
Cameron,Shurlock,Male,66,Research Assistant II,coffee,rice,burger,cat
Rochelle,Gorries,Female,35,Food Chemist,coffee,rice,hot dog,cat
Melita,Linny,Polygender,46,Recruiting Manager,tea,pasta,hot dog,dog
Serene,Gouda,Female,90,Recruiting Manager,tea,pasta,hot dog,cat
Ozzy,Ellcock,Agender,70,VP Product Management,tea,pasta,hot dog,dog
Matilde,Bartoshevich,Female,62,Clinical Specialist,coffee,pasta,hot dog,cat
Celestyn,Tremoulet,Female,19,Structural Analysis Engineer,tea,pasta,burger,dog
Rolando,Walter,Male,40,Civil Engineer,tea,pasta,burger,cat
Miltie,Bosche,Male,39,Internal Auditor,coffee,pasta,hot dog,cat
Adrianna,Boleyn,Genderfluid,61,Geological Engineer,coffee,rice,hot dog,cat
Hyacintha,Kimbling,Female,80,Recruiting Manager,tea,pasta,burger,dog
Cookie,Keuntje,Female,53,Account Coordinator,tea,rice,burger,cat
Farrel,Snazle,Male,36,GIS Technical Architect,coffee,pasta,burger,dog
Nancee,Semarke,Female,34,Data Coordiator,tea,rice,burger,dog
Michael,Saltsberg,Male,39,Information Systems Manager,coffee,rice,burger,dog
Jerry,Zambonini,Female,62,Information Systems Manager,coffee,pasta,burger,cat
Windham,Habeshaw,Male,55,Assistant Manager,tea,rice,burger,dog
Cordell,Simeonov,Non-binary,31,Financial Advisor,coffee,rice,hot dog,dog
Lita,Billinge,Female,66,Biostatistician III,tea,rice,burger,dog
Zacharias,Mapstone,Male,47,Human Resources Assistant I,coffee,pasta,burger,cat
Rodrique,Lerwill,Male,84,Financial Analyst,tea,pasta,hot dog,dog
Clementina,Reicharz,Female,21,Electrical Engineer,tea,pasta,burger,dog
Salome,Burnett,Female,55,Product Engineer,tea,rice,burger,dog
Zora,Warkup,Female,76,Administrative Officer,tea,rice,hot dog,dog
Eliza,Grogor,Female,67,Biostatistician II,tea,pasta,burger,dog
Phylis,Drever,Female,61,Software Engineer II,coffee,rice,hot dog,cat
Udall,Fookes,Male,86,Nuclear Power Engineer,tea,rice,hot dog,cat
Vittorio,Jelf,Bigender,37,Staff Accountant I,coffee,rice,hot dog,dog
Shurwood,Conman,Male,36,Teacher,coffee,pasta,burger,cat
Erda,Allabush,Female,27,GIS Technical Architect,tea,rice,hot dog,cat
Daniel,Donati,Male,47,Geologist III,coffee,pasta,hot dog,dog
Terri,Kobieriecki,Female,58,Research Nurse,tea,rice,burger,cat
Flynn,Mathissen,Male,18,Compensation Analyst,coffee,pasta,burger,cat
Bradan,Magnay,Male,65,Executive Secretary,coffee,pasta,hot dog,cat
Neils,Negri,Male,22,Quality Control Specialist,coffee,rice,burger,cat
Cale,Wieprecht,Male,57,Mechanical Systems Engineer,tea,pasta,burger,cat
Pippa,Meineck,Bigender,62,Data Coordiator,tea,pasta,hot dog,cat
Bekki,Mirrlees,Non-binary,62,Paralegal,coffee,pasta,hot dog,cat
Lorianna,Varnam,Female,66,Senior Financial Analyst,tea,rice,burger,cat
Abdel,Asbury,Male,28,Environmental Specialist,coffee,pasta,hot dog,cat
Letta,Ivanchin,Female,45,Cost Accountant,tea,rice,hot dog,dog
Cindee,Bothwell,Female,69,Food Chemist,coffee,rice,hot dog,dog
Gaby,Curedale,Male,19,Administrative Assistant I,coffee,pasta,burger,cat
Licha,Duerden,Female,36,Data Coordiator,tea,pasta,hot dog,dog
Noelani,Sisey,Female,36,Account Representative IV,coffee,pasta,burger,dog
Erinn,Thackwray,Female,69,Mechanical Systems Engineer,tea,pasta,burger,cat
Mallory,Polamontayne,Male,82,Mechanical Systems Engineer,coffee,pasta,burger,dog
Vivie,Janway,Female,86,Computer Systems Analyst I,tea,rice,hot dog,cat
Harri,McSperron,Agender,25,Systems Administrator III,coffee,pasta,hot dog,dog
Rina,Strelitz,Female,64,Human Resources Manager,coffee,pasta,hot dog,dog
Bartram,Rann,Male,81,Electrical Engineer,coffee,pasta,hot dog,cat
Eleen,Stenners,Genderfluid,52,Administrative Assistant II,tea,pasta,hot dog,dog
Lodovico,Vauls,Male,61,Marketing Manager,tea,rice,hot dog,dog
Lemmy,Kyrkeman,Male,36,Civil Engineer,coffee,rice,hot dog,dog
Clint,Adcock,Male,58,Technical Writer,coffee,rice,burger,dog
Gaston,Franklen,Male,35,Nurse Practicioner,coffee,pasta,burger,dog
Nikolas,Lettsom,Genderqueer,36,Technical Writer,coffee,rice,burger,dog
Doris,O'Mannion,Female,34,Clinical Specialist,tea,rice,hot dog,dog
Carey,Struan,Male,62,Operator,tea,pasta,hot dog,dog
Joete,Shevelin,Bigender,32,Paralegal,tea,pasta,hot dog,dog
Alistair,McKane,Male,49,Analyst Programmer,coffee,pasta,hot dog,dog
Cynthia,Loachhead,Female,45,Research Nurse,tea,rice,hot dog,dog
Chester,Sand,Agender,34,Nurse,coffee,pasta,burger,dog
Vyky,Bentinck,Female,24,Account Representative IV,tea,rice,hot dog,cat
Sheelagh,Sysland,Agender,35,Financial Analyst,coffee,rice,burger,cat
Consalve,Tickle,Male,69,Legal Assistant,coffee,pasta,burger,dog
Lisbeth,Sheal,Female,20,Graphic Designer,tea,pasta,hot dog,dog
Carney,Wheaton,Male,48,Computer Systems Analyst I,tea,rice,burger,cat
Annamarie,Bartlett,Female,21,Information Systems Manager,tea,pasta,burger,dog
Amie,Spinas,Female,63,Financial Analyst,coffee,pasta,burger,dog
Orrin,Greatbanks,Genderfluid,43,Librarian,tea,rice,hot dog,dog
Ilene,Tebbutt,Female,45,Structural Analysis Engineer,coffee,rice,burger,cat
Lauri,Stove,Female,23,Research Assistant II,coffee,rice,hot dog,dog
Maureen,Mullins,Female,87,Software Consultant,coffee,rice,burger,dog
Waldemar,Maudett,Male,45,Account Coordinator,tea,pasta,burger,dog
Marietta,Covendon,Male,57,Health Coach II,coffee,rice,hot dog,dog
Ferdinanda,Morhall,Female,38,Safety Technician I,coffee,rice,burger,dog
Regan,Harden,Male,33,Desktop Support Technician,coffee,pasta,burger,cat
Vikky,Hiom,Female,86,Librarian,tea,pasta,burger,dog
Rikki,Grabham,Male,67,Tax Accountant,coffee,pasta,hot dog,cat
Cathee,Musslewhite,Female,24,Research Associate,coffee,pasta,hot dog,cat
Micheal,MacCardle,Male,28,Software Test Engineer IV,coffee,rice,hot dog,dog
Ted,Freezer,Female,54,General Manager,tea,pasta,burger,cat
Beatrice,Denisevich,Female,65,Librarian,coffee,rice,burger,cat
Keven,Bazelle,Male,18,Cost Accountant,tea,pasta,hot dog,cat
Marris,August,Female,21,Safety Technician IV,tea,rice,hot dog,cat
Lennard,Kenson,Male,25,Administrative Assistant I,coffee,rice,hot dog,dog
Kip,Skokoe,Male,49,Nurse Practicioner,tea,rice,burger,dog
Art,Saunter,Male,32,Tax Accountant,coffee,pasta,burger,dog
Simona,MacAlpyne,Female,36,Speech Pathologist,coffee,rice,burger,cat
Marietta,Brelsford,Female,49,Professor,tea,pasta,burger,dog
Lazar,Kemwal,Non-binary,86,Mechanical Systems Engineer,coffee,pasta,hot dog,cat
Jenifer,Jouaneton,Female,79,Internal Auditor,tea,pasta,hot dog,dog
Chrotoem,Wilgar,Male,79,VP Sales,tea,pasta,burger,dog
Druci,Blooman,Female,72,Structural Analysis Engineer,tea,pasta,burger,cat
Ursala,Hirsch,Female,68,Graphic Designer,tea,pasta,burger,dog
Catlin,Edser,Female,80,Assistant Media Planner,coffee,pasta,burger,cat
Mallissa,Colborn,Female,58,Environmental Specialist,coffee,pasta,hot dog,dog
Otis,Conisbee,Male,87,Research Associate,tea,pasta,burger,dog
Lane,Peret,Female,66,Quality Control Specialist,coffee,pasta,burger,cat
Aron,Conibere,Male,61,Editor,tea,pasta,burger,dog
Drugi,Burtwistle,Male,62,Structural Analysis Engineer,tea,pasta,burger,dog
Nicolle,Simonini,Female,76,VP Sales,coffee,rice,hot dog,cat
Buiron,Adamov,Male,80,Desktop Support Technician,tea,rice,burger,dog
Roland,Fairleigh,Male,77,VP Marketing,coffee,pasta,hot dog,dog
Lisetta,Gaddas,Female,70,VP Sales,coffee,pasta,burger,cat
Cristionna,Durnford,Female,19,Systems Administrator I,tea,pasta,burger,dog
Darrel,Deam,Male,63,Administrative Assistant IV,tea,pasta,hot dog,dog
Nedda,Garioch,Female,43,Software Consultant,tea,rice,hot dog,dog
Jeremy,Zini,Male,18,Biostatistician II,tea,rice,hot dog,dog
Broddy,Rees,Male,50,Marketing Manager,tea,pasta,burger,cat
Neala,Denk,Female,57,Senior Developer,coffee,rice,burger,cat
Susi,Dinsell,Female,75,Paralegal,coffee,pasta,hot dog,cat
Kacey,Painter,Female,41,Occupational Therapist,tea,rice,burger,cat
Tiertza,Wibrow,Agender,71,Environmental Tech,tea,rice,hot dog,cat
Kesley,Matteucci,Female,68,Technical Writer,tea,pasta,burger,dog
Pepito,Favel,Male,46,Senior Quality Engineer,tea,pasta,hot dog,dog
Abigael,Poetz,Non-binary,83,Engineer IV,tea,pasta,hot dog,dog
Pegeen,Abela,Female,47,Environmental Tech,coffee,pasta,burger,cat
Ernestine,Valde,Female,20,General Manager,coffee,rice,burger,cat
Lanae,Andreuzzi,Female,25,Human Resources Manager,tea,rice,burger,cat
Myrwyn,Rome,Male,29,VP Accounting,coffee,pasta,hot dog,cat
Antonius,McCrossan,Male,79,Chemical Engineer,coffee,pasta,burger,cat
Freedman,Terrill,Male,62,Accountant III,tea,rice,burger,cat
Fremont,Spykings,Male,64,Quality Control Specialist,coffee,pasta,burger,dog
Ivory,Shaw,Female,54,Associate Professor,coffee,rice,hot dog,dog
Horton,Van de Velde,Male,64,Librarian,coffee,pasta,burger,cat
Guntar,Espinoza,Male,87,Database Administrator IV,coffee,rice,hot dog,cat
Avril,Gomar,Female,86,Systems Administrator III,coffee,rice,hot dog,cat
Mace,Tebald,Agender,78,Statistician III,coffee,rice,burger,dog
Byrle,McKeller,Male,37,Executive Secretary,coffee,rice,hot dog,dog
Emmalynne,Richel,Female,32,Nurse,tea,rice,burger,cat
Gabriele,Smees,Male,30,Engineer IV,coffee,rice,hot dog,dog
Logan,Boyn,Non-binary,57,Account Coordinator,tea,rice,burger,dog
Zaneta,Salmen,Female,62,VP Sales,coffee,rice,burger,cat
Ketty,Brennen,Female,23,Statistician II,coffee,rice,burger,dog
Salomi,Drinkeld,Female,89,Payment Adjustment Coordinator,coffee,rice,hot dog,cat
Richy,Setchell,Male,88,Health Coach I,coffee,rice,hot dog,cat
Shawn,Christescu,Female,54,Speech Pathologist,tea,rice,hot dog,cat
Truman,Murrum,Male,65,Administrative Assistant III,tea,pasta,hot dog,dog
Karel,McGahey,Female,38,Help Desk Operator,tea,rice,burger,dog
Jasen,Kunze,Male,67,Statistician I,coffee,pasta,hot dog,cat
Nata,Ouslem,Female,51,Senior Financial Analyst,coffee,rice,burger,dog
Curran,Doorbar,Male,39,VP Marketing,coffee,rice,hot dog,dog
Margret,Poulden,Female,75,Safety Technician IV,tea,pasta,burger,cat
Betteann,Pykerman,Female,76,Environmental Tech,coffee,rice,burger,cat
Tucker,Chitter,Male,67,Marketing Manager,tea,pasta,burger,dog
Holt,Harsant,Male,39,Pharmacist,coffee,pasta,burger,cat
Tallie,Kohler,Male,61,Civil Engineer,coffee,rice,hot dog,dog
Corrie,Adami,Agender,57,GIS Technical Architect,coffee,pasta,burger,dog
Averyl,Wiz,Female,67,Tax Accountant,coffee,rice,hot dog,cat
Minna,Behrens,Female,49,Chemical Engineer,tea,pasta,burger,cat
Giff,Kerby,Male,47,Analog Circuit Design manager,tea,rice,hot dog,dog
Natalie,Duddell,Female,70,Geological Engineer,coffee,pasta,hot dog,dog
Norris,Gheorghescu,Male,88,Food Chemist,tea,pasta,hot dog,dog
Guido,Breckell,Male,79,Executive Secretary,coffee,pasta,hot dog,cat
Emilia,de Werk,Female,40,Paralegal,tea,pasta,hot dog,cat
Emmalynne,Spikings,Female,73,Office Assistant III,tea,pasta,burger,cat
Lorry,Bouttell,Male,43,Financial Advisor,tea,pasta,burger,cat
Kattie,Dict,Female,77,Quality Control Specialist,coffee,rice,hot dog,cat
Skelly,Sapauton,Male,39,Editor,coffee,rice,burger,dog
Lucilia,Jelfs,Female,57,Administrative Assistant I,coffee,rice,burger,dog
Monroe,Arboin,Non-binary,33,Social Worker,coffee,pasta,burger,dog
Irving,Edelmann,Male,74,Editor,coffee,rice,burger,dog
Ferguson,Conman,Male,84,Research Nurse,tea,pasta,burger,dog
Rasia,Servante,Female,44,Web Developer II,tea,pasta,hot dog,cat
Rebekah,Irnis,Female,38,Media Manager I,coffee,pasta,hot dog,cat
Adiana,Russen,Female,19,Media Manager I,coffee,rice,hot dog,cat
Cesya,Finlan,Female,30,Product Engineer,tea,rice,hot dog,cat
Prescott,Hardwicke,Genderqueer,75,Sales Associate,coffee,rice,burger,dog
Cortie,Pickerin,Male,30,Marketing Manager,coffee,pasta,burger,cat
Mae,Whiten,Female,68,Help Desk Technician,tea,rice,burger,dog
Aurelie,Jewise,Female,88,Geological Engineer,coffee,pasta,hot dog,cat
Asia,Gauche,Female,24,Project Manager,tea,pasta,hot dog,cat
Holly-anne,Eustes,Female,22,Financial Advisor,tea,pasta,hot dog,dog
Belvia,Tysall,Female,46,VP Accounting,coffee,pasta,burger,dog
Evanne,State,Female,68,Executive Secretary,tea,rice,hot dog,dog
Portia,Allon,Female,53,Research Assistant IV,tea,rice,hot dog,dog
Tye,Pook,Agender,56,Dental Hygienist,tea,rice,burger,cat
Jayme,Fuzzey,Male,41,Community Outreach Specialist,tea,pasta,burger,cat
Desmund,Trayford,Non-binary,74,Recruiter,coffee,pasta,hot dog,cat
Sinclair,Somerton,Male,48,Pharmacist,tea,pasta,burger,dog
Jilli,Proom,Female,58,Assistant Manager,coffee,pasta,burger,dog
Olin,Jefferd,Male,33,Research Associate,tea,pasta,burger,cat
Yoshi,Broodes,Female,72,Technical Writer,coffee,pasta,hot dog,cat
Hall,Boddie,Male,49,Compensation Analyst,coffee,rice,burger,dog
Marabel,Faussett,Female,78,Assistant Media Planner,coffee,pasta,burger,cat
Darin,Ben-Aharon,Male,82,Web Developer III,tea,rice,hot dog,dog
Boniface,Frow,Bigender,68,Assistant Media Planner,coffee,pasta,burger,cat
Lorri,Dogerty,Female,42,Speech Pathologist,tea,pasta,hot dog,dog
Lorain,Furley,Female,44,Assistant Professor,coffee,rice,burger,cat
Carmelia,Lott,Female,38,Health Coach I,coffee,rice,burger,dog
Marina,Zimek,Non-binary,70,Sales Associate,tea,rice,hot dog,dog
Esra,Keoghan,Male,76,Engineer II,coffee,pasta,burger,cat
Karina,Adiscot,Female,66,Librarian,tea,rice,burger,cat
Caterina,Netting,Female,85,Staff Accountant II,coffee,rice,hot dog,dog
Glynis,Jorez,Non-binary,34,Speech Pathologist,tea,pasta,burger,dog
Edyth,Bruckmann,Female,60,Compensation Analyst,coffee,rice,hot dog,dog
Chickie,Szapiro,Female,57,Sales Representative,coffee,pasta,burger,cat
Aurelie,Hardway,Female,56,Mechanical Systems Engineer,tea,rice,hot dog,dog
Kent,Mc Combe,Male,67,Administrative Assistant IV,coffee,rice,hot dog,cat
Bobina,Amner,Female,89,Structural Engineer,tea,pasta,burger,cat
Welsh,Naris,Male,57,Financial Advisor,tea,rice,burger,cat
Jo,Blees,Genderfluid,73,Web Developer IV,coffee,pasta,hot dog,cat
Noble,Gothup,Male,22,Mechanical Systems Engineer,coffee,pasta,hot dog,dog
Ly,Pacher,Male,27,Biostatistician III,tea,rice,hot dog,dog
Janean,Devons,Female,90,Administrative Assistant I,coffee,rice,burger,cat
Jillane,Dulson,Female,58,Staff Scientist,coffee,rice,burger,dog
Oberon,Seagrove,Male,58,GIS Technical Architect,coffee,pasta,burger,cat
Emeline,McCahey,Female,22,Database Administrator II,coffee,rice,burger,cat
Cornelius,Hullins,Male,36,Registered Nurse,coffee,rice,hot dog,cat
Brooke,Maps,Male,44,Editor,tea,pasta,burger,dog
Lucius,Smitherman,Male,45,Mechanical Systems Engineer,tea,pasta,hot dog,cat
Diane-marie,Chawkley,Female,42,Assistant Professor,coffee,rice,burger,dog
Celia,Biles,Female,82,Account Coordinator,coffee,rice,hot dog,cat
Connor,Reggio,Male,25,Speech Pathologist,coffee,rice,burger,cat
Sumner,Kesterton,Male,48,Human Resources Manager,coffee,pasta,burger,cat
Earle,Georgins,Male,84,Community Outreach Specialist,coffee,pasta,burger,dog
Lucinda,Critchlow,Female,75,Staff Accountant I,coffee,pasta,burger,cat
Dolph,Dytham,Male,26,Analyst Programmer,coffee,rice,burger,dog
Belinda,Briscow,Female,84,VP Sales,coffee,rice,hot dog,dog
Gregorius,Plumb,Male,90,Quality Engineer,tea,rice,burger,cat
Quent,Kissell,Male,76,Software Engineer III,coffee,pasta,hot dog,cat
Mattheus,Hamill,Male,82,Tax Accountant,tea,pasta,hot dog,cat
Osgood,Morse,Male,57,Help Desk Operator,tea,pasta,hot dog,cat
